,date,close
0,2014-11-28 0:00,376.28
1,2014-11-29 0:00,376.72
2,2014-11-30 0:00,373.34
3,2014-12-01 0:00,378.39
4,2014-12-02 0:00,379.25
5,2014-12-03 0:00,376.67
6,2014-12-04 0:00,365.2
7,2014-12-05 0:00,374.95
8,2014-12-06 0:00,375.07
9,2014-12-07 0:00,376.87
10,2014-12-08 0:00,364.61
11,2014-12-09 0:00,350.49
12,2014-12-10 0:00,348.13
13,2014-12-11 0:00,348.98
14,2014-12-12 0:00,354.48
15,2014-12-13 0:00,351.45
16,2014-12-14 0:00,350.17
17,2014-12-15 0:00,350.17
18,2014-12-16 0:00,330.02
19,2014-12-17 0:00,321.1
20,2014-12-18 0:00,312.17
21,2014-12-19 0:00,318.0
22,2014-12-20 0:00,329.99
23,2014-12-21 0:00,323.15
24,2014-12-22 0:00,330.52
25,2014-12-23 0:00,335.49
26,2014-12-24 0:00,322.14
27,2014-12-25 0:00,319.39
28,2014-12-26 0:00,330.88
29,2014-12-27 0:00,315.89
30,2014-12-28 0:00,316.63
31,2014-12-29 0:00,314.78
32,2014-12-30 0:00,311.94
33,2014-12-31 0:00,319.25
34,2015-01-01 0:00,316.31
35,2015-01-02 0:00,316.51
36,2015-01-03 0:00,286.01
37,2015-01-04 0:00,264.62
38,2015-01-05 0:00,276.8
39,2015-01-06 0:00,276.8
40,2015-01-07 0:00,276.8
41,2015-01-08 0:00,276.8
42,2015-01-09 0:00,276.8
43,2015-01-10 0:00,276.8
44,2015-01-11 0:00,276.8
45,2015-01-12 0:00,268.16
46,2015-01-13 0:00,221.0
47,2015-01-14 0:00,162.0
48,2015-01-15 0:00,208.81
49,2015-01-16 0:00,206.6
50,2015-01-17 0:00,200.1
51,2015-01-18 0:00,211.42
52,2015-01-19 0:00,216.88
53,2015-01-20 0:00,211.08
54,2015-01-21 0:00,228.59
55,2015-01-22 0:00,233.0
56,2015-01-23 0:00,233.03
57,2015-01-24 0:00,249.99
58,2015-01-25 0:00,253.09
59,2015-01-26 0:00,269.5
60,2015-01-27 0:00,262.99
61,2015-01-28 0:00,236.2
62,2015-01-29 0:00,234.75
63,2015-01-30 0:00,232.6
64,2015-01-31 0:00,217.98
65,2015-02-01 0:00,214.8
66,2015-02-02 0:00,237.97
67,2015-02-03 0:00,227.35
68,2015-02-04 0:00,227.0
69,2015-02-05 0:00,217.0
70,2015-02-06 0:00,222.88
71,2015-02-07 0:00,228.61
72,2015-02-08 0:00,224.19
73,2015-02-09 0:00,220.72
74,2015-02-10 0:00,220.95
75,2015-02-11 0:00,219.12
76,2015-02-12 0:00,222.46
77,2015-02-13 0:00,236.86
78,2015-02-14 0:00,257.9
79,2015-02-15 0:00,234.01
80,2015-02-16 0:00,236.55
81,2015-02-17 0:00,244.96
82,2015-02-18 0:00,235.79
83,2015-02-19 0:00,242.67
84,2015-02-20 0:00,246.1
85,2015-02-21 0:00,245.87
86,2015-02-22 0:00,236.68
87,2015-02-23 0:00,238.92
88,2015-02-24 0:00,239.69
89,2015-02-25 0:00,238.0
90,2015-02-26 0:00,236.7
91,2015-02-27 0:00,253.06
92,2015-02-28 0:00,252.98
93,2015-03-01 0:00,255.81
94,2015-03-02 0:00,274.0
95,2015-03-03 0:00,279.0
96,2015-03-04 0:00,269.83
97,2015-03-05 0:00,273.8
98,2015-03-06 0:00,273.26
99,2015-03-07 0:00,275.59
100,2015-03-08 0:00,274.89
101,2015-03-09 0:00,287.0
102,2015-03-10 0:00,290.24
103,2015-03-11 0:00,295.11
104,2015-03-12 0:00,295.56
105,2015-03-13 0:00,284.4
106,2015-03-14 0:00,282.7
107,2015-03-15 0:00,286.4
108,2015-03-16 0:00,289.7
109,2015-03-17 0:00,284.46
110,2015-03-18 0:00,257.29
111,2015-03-19 0:00,262.01
112,2015-03-20 0:00,262.09
113,2015-03-21 0:00,259.8
114,2015-03-22 0:00,269.39
115,2015-03-23 0:00,265.84
116,2015-03-24 0:00,246.93
117,2015-03-25 0:00,247.68
118,2015-03-26 0:00,249.46
119,2015-03-27 0:00,248.09
120,2015-03-28 0:00,252.31
121,2015-03-29 0:00,242.19
122,2015-03-30 0:00,247.69
123,2015-03-31 0:00,243.98
124,2015-04-01 0:00,245.98
125,2015-04-02 0:00,253.16
126,2015-04-03 0:00,253.79
127,2015-04-04 0:00,253.45
128,2015-04-05 0:00,260.5
129,2015-04-06 0:00,255.83
130,2015-04-07 0:00,254.45
131,2015-04-08 0:00,244.09
132,2015-04-09 0:00,243.53
133,2015-04-10 0:00,234.77
134,2015-04-11 0:00,237.34
135,2015-04-12 0:00,236.3
136,2015-04-13 0:00,222.87
137,2015-04-14 0:00,216.42
138,2015-04-15 0:00,221.51
139,2015-04-16 0:00,227.59
140,2015-04-17 0:00,221.86
141,2015-04-18 0:00,223.14
142,2015-04-19 0:00,222.89
143,2015-04-20 0:00,224.07
144,2015-04-21 0:00,234.13
145,2015-04-22 0:00,233.0
146,2015-04-23 0:00,235.14
147,2015-04-24 0:00,231.06
148,2015-04-25 0:00,226.28
149,2015-04-26 0:00,219.49
150,2015-04-27 0:00,226.01
151,2015-04-28 0:00,225.11
152,2015-04-29 0:00,225.49
153,2015-04-30 0:00,235.75
154,2015-05-01 0:00,231.96
155,2015-05-02 0:00,233.9
156,2015-05-03 0:00,239.18
157,2015-05-04 0:00,237.93
158,2015-05-05 0:00,234.37
159,2015-05-06 0:00,229.78
160,2015-05-07 0:00,236.82
161,2015-05-08 0:00,243.16
162,2015-05-09 0:00,241.4
163,2015-05-10 0:00,239.08
164,2015-05-11 0:00,239.0
165,2015-05-12 0:00,241.3
166,2015-05-13 0:00,236.9
167,2015-05-14 0:00,236.95
168,2015-05-15 0:00,237.12
169,2015-05-16 0:00,235.6
170,2015-05-17 0:00,236.05
171,2015-05-18 0:00,232.24
172,2015-05-19 0:00,231.69
173,2015-05-20 0:00,233.8
174,2015-05-21 0:00,235.49
175,2015-05-22 0:00,238.99
176,2015-05-23 0:00,237.71
177,2015-05-24 0:00,239.68
178,2015-05-25 0:00,235.48
179,2015-05-26 0:00,236.21
180,2015-05-27 0:00,235.34
181,2015-05-28 0:00,236.46
182,2015-05-29 0:00,236.02
183,2015-05-30 0:00,232.07
184,2015-05-31 0:00,229.08
185,2015-06-01 0:00,223.67
186,2015-06-02 0:00,224.78
187,2015-06-03 0:00,225.11
188,2015-06-04 0:00,222.37
189,2015-06-05 0:00,224.49
190,2015-06-06 0:00,224.36
191,2015-06-07 0:00,222.86
192,2015-06-08 0:00,228.11
193,2015-06-09 0:00,229.49
194,2015-06-10 0:00,227.51
195,2015-06-11 0:00,229.01
196,2015-06-12 0:00,229.61
197,2015-06-13 0:00,231.51
198,2015-06-14 0:00,231.77
199,2015-06-15 0:00,235.92
200,2015-06-16 0:00,248.75
201,2015-06-17 0:00,245.78
202,2015-06-18 0:00,248.09
203,2015-06-19 0:00,243.42
204,2015-06-20 0:00,244.69
205,2015-06-21 0:00,243.37
206,2015-06-22 0:00,247.09
207,2015-06-23 0:00,243.78
208,2015-06-24 0:00,240.69
209,2015-06-25 0:00,241.65
210,2015-06-26 0:00,243.2
211,2015-06-27 0:00,251.17
212,2015-06-28 0:00,248.9
213,2015-06-29 0:00,256.38
214,2015-06-30 0:00,264.13
215,2015-07-01 0:00,257.07
216,2015-07-02 0:00,254.69
217,2015-07-03 0:00,255.86
218,2015-07-04 0:00,260.74
219,2015-07-05 0:00,270.33
220,2015-07-06 0:00,269.47
221,2015-07-07 0:00,266.18
222,2015-07-08 0:00,269.39
223,2015-07-09 0:00,269.65
224,2015-07-10 0:00,286.61
225,2015-07-11 0:00,292.02
226,2015-07-12 0:00,310.24
227,2015-07-13 0:00,292.0
228,2015-07-14 0:00,287.96
229,2015-07-15 0:00,285.55
230,2015-07-16 0:00,277.23
231,2015-07-17 0:00,279.43
232,2015-07-18 0:00,276.73
233,2015-07-19 0:00,275.5
234,2015-07-20 0:00,277.73
235,2015-07-21 0:00,276.48
236,2015-07-22 0:00,277.93
237,2015-07-23 0:00,276.67
238,2015-07-24 0:00,289.96
239,2015-07-25 0:00,289.34
240,2015-07-26 0:00,292.84
241,2015-07-27 0:00,294.27
242,2015-07-28 0:00,293.84
243,2015-07-29 0:00,289.63
244,2015-07-30 0:00,287.73
245,2015-07-31 0:00,284.39
246,2015-08-01 0:00,280.77
247,2015-08-02 0:00,281.5
248,2015-08-03 0:00,282.72
249,2015-08-04 0:00,284.65
250,2015-08-05 0:00,281.99
251,2015-08-06 0:00,281.99
252,2015-08-07 0:00,279.01
253,2015-08-08 0:00,261.71
254,2015-08-09 0:00,265.36
255,2015-08-10 0:00,264.33
256,2015-08-11 0:00,270.0
257,2015-08-12 0:00,268.51
258,2015-08-13 0:00,264.65
259,2015-08-14 0:00,265.71
260,2015-08-15 0:00,261.03
261,2015-08-16 0:00,256.09
262,2015-08-17 0:00,256.66
263,2015-08-18 0:00,246.0
264,2015-08-19 0:00,227.1
265,2015-08-20 0:00,235.95
266,2015-08-21 0:00,233.27
267,2015-08-22 0:00,230.47
268,2015-08-23 0:00,228.47
269,2015-08-24 0:00,211.79
270,2015-08-25 0:00,221.64
271,2015-08-26 0:00,225.17
272,2015-08-27 0:00,223.8
273,2015-08-28 0:00,232.09
274,2015-08-29 0:00,229.23
275,2015-08-30 0:00,228.43
276,2015-08-31 0:00,229.84
277,2015-09-01 0:00,227.65
278,2015-09-02 0:00,228.77
279,2015-09-03 0:00,226.79
280,2015-09-04 0:00,231.09
281,2015-09-05 0:00,235.45
282,2015-09-06 0:00,240.45
283,2015-09-07 0:00,240.12
284,2015-09-08 0:00,244.04
285,2015-09-09 0:00,237.96
286,2015-09-10 0:00,238.5
287,2015-09-11 0:00,239.94
288,2015-09-12 0:00,235.61
289,2015-09-13 0:00,230.17
290,2015-09-14 0:00,229.51
291,2015-09-15 0:00,229.3
292,2015-09-16 0:00,227.85
293,2015-09-17 0:00,232.44
294,2015-09-18 0:00,232.82
295,2015-09-19 0:00,230.23
296,2015-09-20 0:00,230.29
297,2015-09-21 0:00,225.93
298,2015-09-22 0:00,229.59
299,2015-09-23 0:00,229.41
300,2015-09-24 0:00,233.19
301,2015-09-25 0:00,235.13
302,2015-09-26 0:00,233.89
303,2015-09-27 0:00,231.91
304,2015-09-28 0:00,239.0
305,2015-09-29 0:00,236.71
306,2015-09-30 0:00,236.65
307,2015-10-01 0:00,237.52
308,2015-10-02 0:00,237.69
309,2015-10-03 0:00,238.77
310,2015-10-04 0:00,238.4
311,2015-10-05 0:00,240.53
312,2015-10-06 0:00,246.93
313,2015-10-07 0:00,243.47
314,2015-10-08 0:00,243.41
315,2015-10-09 0:00,244.49
316,2015-10-10 0:00,245.72
317,2015-10-11 0:00,247.83
318,2015-10-12 0:00,245.48
319,2015-10-13 0:00,248.69
320,2015-10-14 0:00,252.46
321,2015-10-15 0:00,254.44
322,2015-10-16 0:00,262.5
323,2015-10-17 0:00,268.99
324,2015-10-18 0:00,261.0
325,2015-10-19 0:00,264.43
326,2015-10-20 0:00,270.23
327,2015-10-21 0:00,267.8
328,2015-10-22 0:00,275.3
329,2015-10-23 0:00,277.71
330,2015-10-24 0:00,282.59
331,2015-10-25 0:00,288.27
332,2015-10-26 0:00,285.82
333,2015-10-27 0:00,295.17
334,2015-10-28 0:00,304.05
335,2015-10-29 0:00,313.73
336,2015-10-30 0:00,328.78
337,2015-10-31 0:00,310.06
338,2015-11-01 0:00,328.98
339,2015-11-02 0:00,361.98
340,2015-11-03 0:00,398.21
341,2015-11-04 0:00,404.3
342,2015-11-05 0:00,383.22
343,2015-11-06 0:00,371.79
344,2015-11-07 0:00,385.76
345,2015-11-08 0:00,371.87
346,2015-11-09 0:00,379.88
347,2015-11-10 0:00,337.69
348,2015-11-11 0:00,303.0
349,2015-11-12 0:00,334.94
350,2015-11-13 0:00,333.51
351,2015-11-14 0:00,331.61
352,2015-11-15 0:00,317.0
353,2015-11-16 0:00,330.9
354,2015-11-17 0:00,335.44
355,2015-11-18 0:00,337.06
356,2015-11-19 0:00,324.95
357,2015-11-20 0:00,321.5
358,2015-11-21 0:00,324.99
359,2015-11-22 0:00,323.11
360,2015-11-23 0:00,323.01
361,2015-11-24 0:00,318.42
362,2015-11-25 0:00,328.3
363,2015-11-26 0:00,356.39
364,2015-11-27 0:00,359.87
365,2015-11-28 0:00,356.39
366,2015-11-29 0:00,371.04
367,2015-11-30 0:00,377.98
368,2015-12-01 0:00,362.95
369,2015-12-02 0:00,359.97
370,2015-12-03 0:00,361.32
371,2015-12-04 0:00,362.3
372,2015-12-05 0:00,384.67
373,2015-12-06 0:00,394.6
374,2015-12-07 0:00,395.1
375,2015-12-08 0:00,409.0
376,2015-12-09 0:00,416.08
377,2015-12-10 0:00,416.28
378,2015-12-11 0:00,451.68
379,2015-12-12 0:00,435.87
380,2015-12-13 0:00,435.8
381,2015-12-14 0:00,442.37
382,2015-12-15 0:00,463.61
383,2015-12-16 0:00,455.1
384,2015-12-17 0:00,456.01
385,2015-12-18 0:00,463.0
386,2015-12-19 0:00,460.96
387,2015-12-20 0:00,441.48
388,2015-12-21 0:00,437.56
389,2015-12-22 0:00,436.15
390,2015-12-23 0:00,443.34
391,2015-12-24 0:00,455.71
392,2015-12-25 0:00,455.5
393,2015-12-26 0:00,417.42
394,2015-12-27 0:00,423.29
395,2015-12-28 0:00,420.7
396,2015-12-29 0:00,430.04
397,2015-12-30 0:00,427.05
398,2015-12-31 0:00,430.57
399,2016-01-01 0:00,434.98
400,2016-01-02 0:00,433.74
401,2016-01-03 0:00,430.85
402,2016-01-04 0:00,433.97
403,2016-01-05 0:00,431.89
404,2016-01-06 0:00,431.84
405,2016-01-07 0:00,457.79
406,2016-01-08 0:00,451.32
407,2016-01-09 0:00,449.95
408,2016-01-10 0:00,447.21
409,2016-01-11 0:00,448.99
410,2016-01-12 0:00,446.27
411,2016-01-13 0:00,432.53
412,2016-01-14 0:00,429.22
413,2016-01-15 0:00,372.85
414,2016-01-16 0:00,386.43
415,2016-01-17 0:00,382.85
416,2016-01-18 0:00,385.0
417,2016-01-19 0:00,379.88
418,2016-01-20 0:00,410.93
419,2016-01-21 0:00,410.03
420,2016-01-22 0:00,381.78
421,2016-01-23 0:00,386.92
422,2016-01-24 0:00,402.5
423,2016-01-25 0:00,392.58
424,2016-01-26 0:00,390.66
425,2016-01-27 0:00,395.0
426,2016-01-28 0:00,379.16
427,2016-01-29 0:00,379.44
428,2016-01-30 0:00,376.6
429,2016-01-31 0:00,370.0
430,2016-02-01 0:00,371.5
431,2016-02-02 0:00,373.18
432,2016-02-03 0:00,367.64
433,2016-02-04 0:00,390.0
434,2016-02-05 0:00,385.88
435,2016-02-06 0:00,374.27
436,2016-02-07 0:00,375.4
437,2016-02-08 0:00,371.16
438,2016-02-09 0:00,373.16
439,2016-02-10 0:00,379.86
440,2016-02-11 0:00,377.99
441,2016-02-12 0:00,382.88
442,2016-02-13 0:00,389.51
443,2016-02-14 0:00,403.95
444,2016-02-15 0:00,399.0
445,2016-02-16 0:00,406.47
446,2016-02-17 0:00,415.52
447,2016-02-18 0:00,420.31
448,2016-02-19 0:00,419.27
449,2016-02-20 0:00,440.24
450,2016-02-21 0:00,437.7
451,2016-02-22 0:00,437.97
452,2016-02-23 0:00,420.05
453,2016-02-24 0:00,422.61
454,2016-02-25 0:00,423.51
455,2016-02-26 0:00,427.8
456,2016-02-27 0:00,431.06
457,2016-02-28 0:00,432.16
458,2016-02-29 0:00,436.62
459,2016-03-01 0:00,433.31
460,2016-03-02 0:00,425.18
461,2016-03-03 0:00,420.27
462,2016-03-04 0:00,409.97
463,2016-03-05 0:00,398.5
464,2016-03-06 0:00,404.78
465,2016-03-07 0:00,414.76
466,2016-03-08 0:00,412.13
467,2016-03-09 0:00,412.66
468,2016-03-10 0:00,416.5
469,2016-03-11 0:00,418.1
470,2016-03-12 0:00,410.47
471,2016-03-13 0:00,412.64
472,2016-03-14 0:00,413.85
473,2016-03-15 0:00,415.89
474,2016-03-16 0:00,416.49
475,2016-03-17 0:00,418.49
476,2016-03-18 0:00,408.21
477,2016-03-19 0:00,408.94
478,2016-03-20 0:00,411.34
479,2016-03-21 0:00,410.99
480,2016-03-22 0:00,415.89
481,2016-03-23 0:00,417.22
482,2016-03-24 0:00,415.96
483,2016-03-25 0:00,416.25
484,2016-03-26 0:00,416.77
485,2016-03-27 0:00,424.3
486,2016-03-28 0:00,422.05
487,2016-03-29 0:00,415.4
488,2016-03-30 0:00,413.09
489,2016-03-31 0:00,415.51
490,2016-04-01 0:00,415.38
491,2016-04-02 0:00,419.19
492,2016-04-03 0:00,419.0
493,2016-04-04 0:00,418.65
494,2016-04-05 0:00,422.6
495,2016-04-06 0:00,421.63
496,2016-04-07 0:00,419.84
497,2016-04-08 0:00,418.13
498,2016-04-09 0:00,418.37
499,2016-04-10 0:00,420.77
500,2016-04-11 0:00,422.08
501,2016-04-12 0:00,425.91
502,2016-04-13 0:00,423.26
503,2016-04-14 0:00,424.51
504,2016-04-15 0:00,429.25
505,2016-04-16 0:00,430.68
506,2016-04-17 0:00,426.75
507,2016-04-18 0:00,428.07
508,2016-04-19 0:00,435.25
509,2016-04-20 0:00,441.25
510,2016-04-21 0:00,451.0
511,2016-04-22 0:00,447.8
512,2016-04-23 0:00,451.31
513,2016-04-24 0:00,459.4
514,2016-04-25 0:00,465.99
515,2016-04-26 0:00,468.0
516,2016-04-27 0:00,447.46
517,2016-04-28 0:00,450.0
518,2016-04-29 0:00,454.77
519,2016-04-30 0:00,446.7
520,2016-05-01 0:00,451.4
521,2016-05-02 0:00,443.54
522,2016-05-03 0:00,451.7
523,2016-05-04 0:00,446.3
524,2016-05-05 0:00,448.82
525,2016-05-06 0:00,459.73
526,2016-05-07 0:00,458.15
527,2016-05-08 0:00,457.81
528,2016-05-09 0:00,461.63
529,2016-05-10 0:00,449.91
530,2016-05-11 0:00,452.01
531,2016-05-12 0:00,454.92
532,2016-05-13 0:00,456.04
533,2016-05-14 0:00,455.38
534,2016-05-15 0:00,457.48
535,2016-05-16 0:00,455.56
536,2016-05-17 0:00,453.01
537,2016-05-18 0:00,452.94
538,2016-05-19 0:00,441.63
539,2016-05-20 0:00,441.97
540,2016-05-21 0:00,442.84
541,2016-05-22 0:00,437.85
542,2016-05-23 0:00,442.29
543,2016-05-24 0:00,445.31
544,2016-05-25 0:00,448.02
545,2016-05-26 0:00,452.38
546,2016-05-27 0:00,472.68
547,2016-05-28 0:00,521.5
548,2016-05-29 0:00,513.85
549,2016-05-30 0:00,527.0
550,2016-05-31 0:00,532.06
551,2016-06-01 0:00,538.65
552,2016-06-02 0:00,538.98
553,2016-06-03 0:00,567.94
554,2016-06-04 0:00,573.87
555,2016-06-05 0:00,573.76
556,2016-06-06 0:00,583.49
557,2016-06-07 0:00,576.75
558,2016-06-08 0:00,583.24
559,2016-06-09 0:00,576.4
560,2016-06-10 0:00,577.91
561,2016-06-11 0:00,592.13
562,2016-06-12 0:00,667.94
563,2016-06-13 0:00,702.05
564,2016-06-14 0:00,685.69
565,2016-06-15 0:00,693.01
566,2016-06-16 0:00,765.6
567,2016-06-17 0:00,746.99
568,2016-06-18 0:00,755.02
569,2016-06-19 0:00,760.55
570,2016-06-20 0:00,734.99
571,2016-06-21 0:00,668.42
572,2016-06-22 0:00,594.1
573,2016-06-23 0:00,624.69
574,2016-06-24 0:00,656.71
575,2016-06-25 0:00,663.24
576,2016-06-26 0:00,628.61
577,2016-06-27 0:00,648.2
578,2016-06-28 0:00,645.39
579,2016-06-29 0:00,634.43
580,2016-06-30 0:00,666.84
581,2016-07-01 0:00,677.0
582,2016-07-02 0:00,702.48
583,2016-07-03 0:00,664.14
584,2016-07-04 0:00,678.72
585,2016-07-05 0:00,666.58
586,2016-07-06 0:00,674.46
587,2016-07-07 0:00,636.39
588,2016-07-08 0:00,664.0
589,2016-07-09 0:00,652.54
590,2016-07-10 0:00,646.55
591,2016-07-11 0:00,647.42
592,2016-07-12 0:00,671.7
593,2016-07-13 0:00,661.5
594,2016-07-14 0:00,660.53
595,2016-07-15 0:00,664.99
596,2016-07-16 0:00,662.0
597,2016-07-17 0:00,678.23
598,2016-07-18 0:00,673.46
599,2016-07-19 0:00,673.86
600,2016-07-20 0:00,667.02
601,2016-07-21 0:00,664.25
602,2016-07-22 0:00,652.95
603,2016-07-23 0:00,653.8
604,2016-07-24 0:00,659.51
605,2016-07-25 0:00,654.37
606,2016-07-26 0:00,652.22
607,2016-07-27 0:00,655.63
608,2016-07-28 0:00,653.44
609,2016-07-29 0:00,657.03
610,2016-07-30 0:00,654.37
611,2016-07-31 0:00,620.01
612,2016-08-01 0:00,607.61
613,2016-08-02 0:00,514.98
614,2016-08-03 0:00,565.63
615,2016-08-04 0:00,575.52
616,2016-08-05 0:00,576.64
617,2016-08-06 0:00,588.78
618,2016-08-07 0:00,592.6
619,2016-08-08 0:00,589.46
620,2016-08-09 0:00,583.53
621,2016-08-10 0:00,591.7
622,2016-08-11 0:00,587.57
623,2016-08-12 0:00,586.0
624,2016-08-13 0:00,582.11
625,2016-08-14 0:00,567.45
626,2016-08-15 0:00,565.79
627,2016-08-16 0:00,577.53
628,2016-08-17 0:00,570.47
629,2016-08-18 0:00,569.71
630,2016-08-19 0:00,572.11
631,2016-08-20 0:00,580.0
632,2016-08-21 0:00,578.47
633,2016-08-22 0:00,583.85
634,2016-08-23 0:00,580.71
635,2016-08-24 0:00,577.11
636,2016-08-25 0:00,576.99
637,2016-08-26 0:00,577.84
638,2016-08-27 0:00,567.41
639,2016-08-28 0:00,573.0
640,2016-08-29 0:00,571.5
641,2016-08-30 0:00,575.23
642,2016-08-31 0:00,570.76
643,2016-09-01 0:00,571.6
644,2016-09-02 0:00,572.0
645,2016-09-03 0:00,592.5
646,2016-09-04 0:00,604.25
647,2016-09-05 0:00,603.74
648,2016-09-06 0:00,608.96
649,2016-09-07 0:00,614.39
650,2016-09-08 0:00,625.66
651,2016-09-09 0:00,622.0
652,2016-09-10 0:00,622.01
653,2016-09-11 0:00,603.8
654,2016-09-12 0:00,607.0
655,2016-09-13 0:00,607.73
656,2016-09-14 0:00,607.89
657,2016-09-15 0:00,605.21
658,2016-09-16 0:00,605.9
659,2016-09-17 0:00,604.04
660,2016-09-18 0:00,608.0
661,2016-09-19 0:00,607.88
662,2016-09-20 0:00,606.95
663,2016-09-21 0:00,594.66
664,2016-09-22 0:00,593.95
665,2016-09-23 0:00,602.53
666,2016-09-24 0:00,600.14
667,2016-09-25 0:00,597.41
668,2016-09-26 0:00,604.28
669,2016-09-27 0:00,604.57
670,2016-09-28 0:00,603.71
671,2016-09-29 0:00,604.96
672,2016-09-30 0:00,608.26
673,2016-10-01 0:00,612.0
674,2016-10-02 0:00,608.59
675,2016-10-03 0:00,611.06
676,2016-10-04 0:00,607.18
677,2016-10-05 0:00,610.98
678,2016-10-06 0:00,610.34
679,2016-10-07 0:00,614.23
680,2016-10-08 0:00,614.48
681,2016-10-09 0:00,613.61
682,2016-10-10 0:00,615.37
683,2016-10-11 0:00,638.91
684,2016-10-12 0:00,635.06
685,2016-10-13 0:00,635.61
686,2016-10-14 0:00,638.38
687,2016-10-15 0:00,636.01
688,2016-10-16 0:00,638.09
689,2016-10-17 0:00,635.69
690,2016-10-18 0:00,635.58
691,2016-10-19 0:00,627.98
692,2016-10-20 0:00,627.72
693,2016-10-21 0:00,628.99
694,2016-10-22 0:00,655.0
695,2016-10-23 0:00,649.69
696,2016-10-24 0:00,648.14
697,2016-10-25 0:00,648.33
698,2016-10-26 0:00,673.14
699,2016-10-27 0:00,682.67
700,2016-10-28 0:00,685.29
701,2016-10-29 0:00,712.06
702,2016-10-30 0:00,696.36
703,2016-10-31 0:00,697.67
704,2016-11-01 0:00,726.6
705,2016-11-02 0:00,732.99
706,2016-11-03 0:00,681.03
707,2016-11-04 0:00,702.98
708,2016-11-05 0:00,703.63
709,2016-11-06 0:00,710.22
710,2016-11-07 0:00,706.5
711,2016-11-08 0:00,710.19
712,2016-11-09 0:00,720.44
713,2016-11-10 0:00,714.5
714,2016-11-11 0:00,715.82
715,2016-11-12 0:00,703.0
716,2016-11-13 0:00,701.51
717,2016-11-14 0:00,704.7
718,2016-11-15 0:00,710.82
719,2016-11-16 0:00,737.99
720,2016-11-17 0:00,737.0
721,2016-11-18 0:00,745.99
722,2016-11-19 0:00,749.57
723,2016-11-20 0:00,727.09
724,2016-11-21 0:00,736.97
725,2016-11-22 0:00,746.61
726,2016-11-23 0:00,740.17
727,2016-11-24 0:00,735.7
728,2016-11-25 0:00,737.03
729,2016-11-26 0:00,729.87
730,2016-11-27 0:00,726.12
731,2016-11-28 0:00,730.98
732,2016-11-29 0:00,730.99
733,2016-11-30 0:00,742.06
734,2016-12-01 0:00,751.6
735,2016-12-02 0:00,769.99
736,2016-12-03 0:00,762.79
737,2016-12-04 0:00,761.99
738,2016-12-05 0:00,750.0
739,2016-12-06 0:00,758.91
740,2016-12-07 0:00,766.85
741,2016-12-08 0:00,767.96
742,2016-12-09 0:00,769.49
743,2016-12-10 0:00,772.35
744,2016-12-11 0:00,768.19
745,2016-12-12 0:00,777.93
746,2016-12-13 0:00,778.71
747,2016-12-14 0:00,776.29
748,2016-12-15 0:00,774.79
749,2016-12-16 0:00,780.35
750,2016-12-17 0:00,788.4
751,2016-12-18 0:00,788.68
752,2016-12-19 0:00,790.65
753,2016-12-20 0:00,801.02
754,2016-12-21 0:00,828.1
755,2016-12-22 0:00,858.94
756,2016-12-23 0:00,916.0
757,2016-12-24 0:00,892.63
758,2016-12-25 0:00,891.67
759,2016-12-26 0:00,899.1
760,2016-12-27 0:00,929.92
761,2016-12-28 0:00,975.97
762,2016-12-29 0:00,968.99
763,2016-12-30 0:00,959.03
764,2016-12-31 0:00,964.32
765,2017-01-01 0:00,998.8
766,2017-01-02 0:00,1014.1
767,2017-01-03 0:00,1036.99
768,2017-01-04 0:00,1122.56
769,2017-01-05 0:00,994.02
770,2017-01-06 0:00,891.56
771,2017-01-07 0:00,897.14
772,2017-01-08 0:00,906.17
773,2017-01-09 0:00,899.99
774,2017-01-10 0:00,907.96
775,2017-01-11 0:00,788.81
776,2017-01-12 0:00,816.0
777,2017-01-13 0:00,826.9
778,2017-01-14 0:00,819.66
779,2017-01-15 0:00,822.47
780,2017-01-16 0:00,829.62
781,2017-01-17 0:00,906.08
782,2017-01-18 0:00,876.74
783,2017-01-19 0:00,900.46
784,2017-01-20 0:00,895.62
785,2017-01-21 0:00,921.1
786,2017-01-22 0:00,919.39
787,2017-01-23 0:00,921.39
788,2017-01-24 0:00,893.0
789,2017-01-25 0:00,892.95
790,2017-01-26 0:00,916.34
791,2017-01-27 0:00,917.84
792,2017-01-28 0:00,917.75
793,2017-01-29 0:00,913.1
794,2017-01-30 0:00,921.08
795,2017-01-31 0:00,965.01
796,2017-02-01 0:00,983.36
797,2017-02-02 0:00,1008.18
798,2017-02-03 0:00,1012.64
799,2017-02-04 0:00,1034.44
800,2017-02-05 0:00,1014.57
801,2017-02-06 0:00,1023.7
802,2017-02-07 0:00,1054.12
803,2017-02-08 0:00,1056.99
804,2017-02-09 0:00,981.96
805,2017-02-10 0:00,997.57
806,2017-02-11 0:00,1011.98
807,2017-02-12 0:00,1001.63
808,2017-02-13 0:00,1000.25
809,2017-02-14 0:00,1011.51
810,2017-02-15 0:00,1011.53
811,2017-02-16 0:00,1032.7
812,2017-02-17 0:00,1055.46
813,2017-02-18 0:00,1056.4
814,2017-02-19 0:00,1051.8
815,2017-02-20 0:00,1084.0
816,2017-02-21 0:00,1124.62
817,2017-02-22 0:00,1130.01
818,2017-02-23 0:00,1188.11
819,2017-02-24 0:00,1180.14
820,2017-02-25 0:00,1152.2
821,2017-02-26 0:00,1179.05
822,2017-02-27 0:00,1194.64
823,2017-02-28 0:00,1191.21
824,2017-03-01 0:00,1226.39
825,2017-03-02 0:00,1257.6
826,2017-03-03 0:00,1285.33
827,2017-03-04 0:00,1260.0
828,2017-03-05 0:00,1273.0
829,2017-03-06 0:00,1278.49
830,2017-03-07 0:00,1233.05
831,2017-03-08 0:00,1150.05
832,2017-03-09 0:00,1190.89
833,2017-03-10 0:00,1116.97
834,2017-03-11 0:00,1176.55
835,2017-03-12 0:00,1226.62
836,2017-03-13 0:00,1242.46
837,2017-03-14 0:00,1245.86
838,2017-03-15 0:00,1257.32
839,2017-03-16 0:00,1172.62
840,2017-03-17 0:00,1071.02
841,2017-03-18 0:00,969.4
842,2017-03-19 0:00,1017.97
843,2017-03-20 0:00,1035.96
844,2017-03-21 0:00,1114.39
845,2017-03-22 0:00,1037.56
846,2017-03-23 0:00,1029.65
847,2017-03-24 0:00,929.06
848,2017-03-25 0:00,956.02
849,2017-03-26 0:00,960.0
850,2017-03-27 0:00,1039.92
851,2017-03-28 0:00,1043.99
852,2017-03-29 0:00,1035.96
853,2017-03-30 0:00,1033.7
854,2017-03-31 0:00,1070.31
855,2017-04-01 0:00,1083.94
856,2017-04-02 0:00,1078.01
857,2017-04-03 0:00,1144.77
858,2017-04-04 0:00,1143.0
859,2017-04-05 0:00,1134.58
860,2017-04-06 0:00,1190.85
861,2017-04-07 0:00,1190.66
862,2017-04-08 0:00,1184.03
863,2017-04-09 0:00,1206.2
864,2017-04-10 0:00,1209.25
865,2017-04-11 0:00,1218.99
866,2017-04-12 0:00,1212.17
867,2017-04-13 0:00,1172.91
868,2017-04-14 0:00,1170.34
869,2017-04-15 0:00,1173.45
870,2017-04-16 0:00,1162.31
871,2017-04-17 0:00,1176.54
872,2017-04-18 0:00,1202.58
873,2017-04-19 0:00,1203.98
874,2017-04-20 0:00,1234.19
875,2017-04-21 0:00,1243.61
876,2017-04-22 0:00,1233.2
877,2017-04-23 0:00,1241.99
878,2017-04-24 0:00,1253.58
879,2017-04-25 0:00,1269.0
880,2017-04-26 0:00,1287.99
881,2017-04-27 0:00,1331.53
882,2017-04-28 0:00,1330.7
883,2017-04-29 0:00,1333.0
884,2017-04-30 0:00,1350.21
885,2017-05-01 0:00,1390.86
886,2017-05-02 0:00,1447.75
887,2017-05-03 0:00,1503.22
888,2017-05-04 0:00,1537.23
889,2017-05-05 0:00,1514.9
890,2017-05-06 0:00,1558.02
891,2017-05-07 0:00,1554.01
892,2017-05-08 0:00,1649.54
893,2017-05-09 0:00,1720.28
894,2017-05-10 0:00,1772.58
895,2017-05-11 0:00,1828.45
896,2017-05-12 0:00,1691.51
897,2017-05-13 0:00,1776.89
898,2017-05-14 0:00,1784.0
899,2017-05-15 0:00,1705.48
900,2017-05-16 0:00,1700.01
901,2017-05-17 0:00,1782.99
902,2017-05-18 0:00,1878.99
903,2017-05-19 0:00,1958.0
904,2017-05-20 0:00,2013.99
905,2017-05-21 0:00,2017.55
906,2017-05-22 0:00,2099.97
907,2017-05-23 0:00,2264.23
908,2017-05-24 0:00,2420.29
909,2017-05-25 0:00,2292.53
910,2017-05-26 0:00,2279.82
911,2017-05-27 0:00,2042.0
912,2017-05-28 0:00,2178.81
913,2017-05-29 0:00,2292.1
914,2017-05-30 0:00,2203.51
915,2017-05-31 0:00,2298.01
916,2017-06-01 0:00,2413.63
917,2017-06-02 0:00,2488.94
918,2017-06-03 0:00,2540.94
919,2017-06-04 0:00,2530.27
920,2017-06-05 0:00,2698.0
921,2017-06-06 0:00,2880.74
922,2017-06-07 0:00,2683.03
923,2017-06-08 0:00,2806.0
924,2017-06-09 0:00,2822.32
925,2017-06-10 0:00,2899.99
926,2017-06-11 0:00,2954.22
927,2017-06-12 0:00,2667.06
928,2017-06-13 0:00,2703.02
929,2017-06-14 0:00,2450.0
930,2017-06-15 0:00,2424.91
931,2017-06-16 0:00,2484.68
932,2017-06-17 0:00,2630.0
933,2017-06-18 0:00,2516.98
934,2017-06-19 0:00,2598.0
935,2017-06-20 0:00,2740.0
936,2017-06-21 0:00,2657.04
937,2017-06-22 0:00,2713.48
938,2017-06-23 0:00,2685.05
939,2017-06-24 0:00,2557.66
940,2017-06-25 0:00,2502.03
941,2017-06-26 0:00,2421.22
942,2017-06-27 0:00,2565.0
943,2017-06-28 0:00,2559.9
944,2017-06-29 0:00,2541.59
945,2017-06-30 0:00,2465.49
946,2017-07-01 0:00,2412.41
947,2017-07-02 0:00,2504.37
948,2017-07-03 0:00,2550.47
949,2017-07-04 0:00,2596.12
950,2017-07-05 0:00,2602.9
951,2017-07-06 0:00,2600.39
952,2017-07-07 0:00,2501.46
953,2017-07-08 0:00,2550.07
954,2017-07-09 0:00,2502.28
955,2017-07-10 0:00,2323.45
956,2017-07-11 0:00,2305.98
957,2017-07-12 0:00,2388.0
958,2017-07-13 0:00,2339.99
959,2017-07-14 0:00,2213.37
960,2017-07-15 0:00,1970.51
961,2017-07-16 0:00,1917.63
962,2017-07-17 0:00,2226.0
963,2017-07-18 0:00,2303.71
964,2017-07-19 0:00,2265.21
965,2017-07-20 0:00,2875.03
966,2017-07-21 0:00,2670.0
967,2017-07-22 0:00,2832.71
968,2017-07-23 0:00,2749.02
969,2017-07-24 0:00,2759.98
970,2017-07-25 0:00,2564.82
971,2017-07-26 0:00,2524.99
972,2017-07-27 0:00,2666.33
973,2017-07-28 0:00,2777.01
974,2017-07-29 0:00,2680.56
975,2017-07-30 0:00,2742.37
976,2017-07-31 0:00,2855.81
977,2017-08-01 0:00,2731.0
978,2017-08-02 0:00,2703.51
979,2017-08-03 0:00,2793.37
980,2017-08-04 0:00,2855.0
981,2017-08-05 0:00,3263.62
982,2017-08-06 0:00,3222.75
983,2017-08-07 0:00,3387.55
984,2017-08-08 0:00,3412.41
985,2017-08-09 0:00,3342.99
986,2017-08-10 0:00,3413.03
987,2017-08-11 0:00,3645.06
988,2017-08-12 0:00,3855.1
989,2017-08-13 0:00,4053.87
990,2017-08-14 0:00,4306.23
991,2017-08-15 0:00,4155.67
992,2017-08-16 0:00,4378.84
993,2017-08-17 0:00,4276.5
994,2017-08-18 0:00,4100.0
995,2017-08-19 0:00,4099.55
996,2017-08-20 0:00,4058.68
997,2017-08-21 0:00,3987.52
998,2017-08-22 0:00,4085.0
999,2017-08-23 0:00,4108.12
1000,2017-08-24 0:00,4300.34
1001,2017-08-25 0:00,4355.98
1002,2017-08-26 0:00,4333.38
1003,2017-08-27 0:00,4337.68
1004,2017-08-28 0:00,4379.99
1005,2017-08-29 0:00,4578.82
1006,2017-08-30 0:00,4573.2
1007,2017-08-31 0:00,4734.26
1008,2017-09-01 0:00,4921.7
1009,2017-09-02 0:00,4599.9
1010,2017-09-03 0:00,4606.26
1011,2017-09-04 0:00,4277.0
1012,2017-09-05 0:00,4396.52
1013,2017-09-06 0:00,4605.8
1014,2017-09-07 0:00,4615.0
1015,2017-09-08 0:00,4312.0
1016,2017-09-09 0:00,4308.72
1017,2017-09-10 0:00,4226.22
1018,2017-09-11 0:00,4207.31
1019,2017-09-12 0:00,4172.56
1020,2017-09-13 0:00,3865.34
1021,2017-09-14 0:00,3227.79
1022,2017-09-15 0:00,3700.01
1023,2017-09-16 0:00,3678.93
1024,2017-09-17 0:00,3662.99
1025,2017-09-18 0:00,4101.6
1026,2017-09-19 0:00,3888.8
1027,2017-09-20 0:00,3874.46
1028,2017-09-21 0:00,3617.05
1029,2017-09-22 0:00,3612.18
1030,2017-09-23 0:00,3779.17
1031,2017-09-24 0:00,3664.22
1032,2017-09-25 0:00,3918.0
1033,2017-09-26 0:00,3888.03
1034,2017-09-27 0:00,4199.29
1035,2017-09-28 0:00,4184.84
1036,2017-09-29 0:00,4164.82
1037,2017-09-30 0:00,4326.09
1038,2017-10-01 0:00,4377.22
1039,2017-10-02 0:00,4391.48
1040,2017-10-03 0:00,4315.83
1041,2017-10-04 0:00,4219.53
1042,2017-10-05 0:00,4301.09
1043,2017-10-06 0:00,4362.95
1044,2017-10-07 0:00,4423.3
1045,2017-10-08 0:00,4597.98
1046,2017-10-09 0:00,4764.7
1047,2017-10-10 0:00,4749.29
1048,2017-10-11 0:00,4822.01
1049,2017-10-12 0:00,5445.0
1050,2017-10-13 0:00,5653.6
1051,2017-10-14 0:00,5801.29
1052,2017-10-15 0:00,5679.7
1053,2017-10-16 0:00,5745.72
1054,2017-10-17 0:00,5597.31
1055,2017-10-18 0:00,5582.05
1056,2017-10-19 0:00,5698.69
1057,2017-10-20 0:00,5977.29
1058,2017-10-21 0:00,6013.46
1059,2017-10-22 0:00,5969.0
1060,2017-10-23 0:00,5871.17
1061,2017-10-24 0:00,5523.4
1062,2017-10-25 0:00,5735.88
1063,2017-10-26 0:00,5890.0
1064,2017-10-27 0:00,5771.89
1065,2017-10-28 0:00,5730.69
1066,2017-10-29 0:00,6137.37
1067,2017-10-30 0:00,6119.99
1068,2017-10-31 0:00,6434.21
1069,2017-11-01 0:00,6741.59
1070,2017-11-02 0:00,7030.0
1071,2017-11-03 0:00,7146.82
1072,2017-11-04 0:00,7388.83
1073,2017-11-05 0:00,7372.72
1074,2017-11-06 0:00,6967.68
1075,2017-11-07 0:00,7130.28
1076,2017-11-08 0:00,7450.32
1077,2017-11-09 0:00,7148.0
1078,2017-11-10 0:00,6588.18
1079,2017-11-11 0:00,6355.13
1080,2017-11-12 0:00,5870.37
1081,2017-11-13 0:00,6525.17
1082,2017-11-14 0:00,6609.0
1083,2017-11-15 0:00,7294.0
1084,2017-11-16 0:00,7846.96
1085,2017-11-17 0:00,7674.99
1086,2017-11-18 0:00,7771.03
1087,2017-11-19 0:00,8016.58
1088,2017-11-20 0:00,8226.17
1089,2017-11-21 0:00,8095.23
1090,2017-11-22 0:00,8214.69
1091,2017-11-23 0:00,7989.0
1092,2017-11-24 0:00,8199.19
1093,2017-11-25 0:00,8717.99
1094,2017-11-26 0:00,9271.06
1095,2017-11-27 0:00,9708.07
1096,2017-11-28 0:00,9868.82
1097,2017-11-29 0:00,9824.68
1098,2017-11-30 0:00,9947.67
1099,2017-12-01 0:00,10840.45
1100,2017-12-02 0:00,10872.0
1101,2017-12-03 0:00,11250.0
1102,2017-12-04 0:00,11613.07
1103,2017-12-05 0:00,11677.0
1104,2017-12-06 0:00,13623.5
1105,2017-12-07 0:00,16599.99
1106,2017-12-08 0:00,15800.0
1107,2017-12-09 0:00,14607.49
1108,2017-12-10 0:00,14691.0
1109,2017-12-11 0:00,16470.0
1110,2017-12-12 0:00,16650.01
1111,2017-12-13 0:00,16250.0
1112,2017-12-14 0:00,16404.99
1113,2017-12-15 0:00,17471.5
1114,2017-12-16 0:00,19187.78
1115,2017-12-17 0:00,18953.0
1116,2017-12-18 0:00,18940.57
1117,2017-12-19 0:00,17700.0
1118,2017-12-20 0:00,16466.98
1119,2017-12-21 0:00,15600.01
1120,2017-12-22 0:00,14009.79
1121,2017-12-23 0:00,14619.0
1122,2017-12-24 0:00,14157.87
1123,2017-12-25 0:00,13911.28
1124,2017-12-26 0:00,15764.44
1125,2017-12-27 0:00,15364.93
1126,2017-12-28 0:00,14470.07
1127,2017-12-29 0:00,14340.0
1128,2017-12-30 0:00,12640.0
1129,2017-12-31 0:00,13880.0
1130,2018-01-01 0:00,13443.41
1131,2018-01-02 0:00,14678.94
1132,2018-01-03 0:00,15155.62
1133,2018-01-04 0:00,15143.67
1134,2018-01-05 0:00,16928.0
1135,2018-01-06 0:00,17149.67
1136,2018-01-07 0:00,16124.02
1137,2018-01-08 0:00,14999.99
1138,2018-01-09 0:00,14403.51
1139,2018-01-10 0:00,14890.02
1140,2018-01-11 0:00,13243.83
1141,2018-01-12 0:00,13781.41
1142,2018-01-13 0:00,14197.78
1143,2018-01-14 0:00,13647.99
1144,2018-01-15 0:00,13607.04
1145,2018-01-16 0:00,11386.34
1146,2018-01-17 0:00,11191.35
1147,2018-01-18 0:00,11247.57
1148,2018-01-19 0:00,11552.0
1149,2018-01-20 0:00,12775.99
1150,2018-01-21 0:00,11558.87
1151,2018-01-22 0:00,10808.99
1152,2018-01-23 0:00,10851.82
1153,2018-01-24 0:00,11400.96
1154,2018-01-25 0:00,11155.54
1155,2018-01-26 0:00,11092.95
1156,2018-01-27 0:00,11446.54
1157,2018-01-28 0:00,11685.58
1158,2018-01-29 0:00,11162.62
1159,2018-01-30 0:00,9971.0
1160,2018-01-31 0:00,10149.0
1161,2018-02-01 0:00,8998.99
1162,2018-02-02 0:00,8838.83
1163,2018-02-03 0:00,9225.86
1164,2018-02-04 0:00,8191.0
1165,2018-02-05 0:00,6874.27
1166,2018-02-06 0:00,7737.37
1167,2018-02-07 0:00,7588.01
1168,2018-02-08 0:00,8259.76
1169,2018-02-09 0:00,8693.98
1170,2018-02-10 0:00,8560.0
1171,2018-02-11 0:00,8067.0
1172,2018-02-12 0:00,8899.0
1173,2018-02-13 0:00,8522.99
1174,2018-02-14 0:00,9490.98
1175,2018-02-15 0:00,10018.0
1176,2018-02-16 0:00,10196.0
1177,2018-02-17 0:00,11101.0
1178,2018-02-18 0:00,10421.06
1179,2018-02-19 0:00,11173.0
1180,2018-02-20 0:00,11233.41
1181,2018-02-21 0:00,10449.4
1182,2018-02-22 0:00,9843.34
1183,2018-02-23 0:00,10166.1
1184,2018-02-24 0:00,9689.99
1185,2018-02-25 0:00,9590.04
1186,2018-02-26 0:00,10324.7
1187,2018-02-27 0:00,10566.3
1188,2018-02-28 0:00,10314.9
1189,2018-03-01 0:00,10903.13
1190,2018-03-02 0:00,11029.99
1191,2018-03-03 0:00,11445.0
1192,2018-03-04 0:00,11463.27
1193,2018-03-05 0:00,11419.24
1194,2018-03-06 0:00,10723.76
1195,2018-03-07 0:00,9913.03
1196,2018-03-08 0:00,9285.32
1197,2018-03-09 0:00,9230.0
1198,2018-03-10 0:00,8791.47
1199,2018-03-11 0:00,9535.04
1200,2018-03-12 0:00,9120.75
1201,2018-03-13 0:00,9142.32
1202,2018-03-14 0:00,8196.69
1203,2018-03-15 0:00,8265.05
1204,2018-03-16 0:00,8258.54
1205,2018-03-17 0:00,7860.83
1206,2018-03-18 0:00,8188.24
1207,2018-03-19 0:00,8596.93
1208,2018-03-20 0:00,8904.02
1209,2018-03-21 0:00,8893.79
1210,2018-03-22 0:00,8704.67
1211,2018-03-23 0:00,8920.79
1212,2018-03-24 0:00,8547.0
1213,2018-03-25 0:00,8453.9
1214,2018-03-26 0:00,8149.66
1215,2018-03-27 0:00,7791.7
1216,2018-03-28 0:00,7932.41
1217,2018-03-29 0:00,7088.38
1218,2018-03-30 0:00,6850.0
1219,2018-03-31 0:00,6928.62
1220,2018-04-01 0:00,6813.52
1221,2018-04-02 0:00,7052.76
1222,2018-04-03 0:00,7416.27
1223,2018-04-04 0:00,6799.95
1224,2018-04-05 0:00,6771.69
1225,2018-04-06 0:00,6618.33
1226,2018-04-07 0:00,6904.9
1227,2018-04-08 0:00,7027.26
1228,2018-04-09 0:00,6780.1
1229,2018-04-10 0:00,6835.67
1230,2018-04-11 0:00,6940.94
1231,2018-04-12 0:00,7923.78
1232,2018-04-13 0:00,7896.92
1233,2018-04-14 0:00,8000.41
1234,2018-04-15 0:00,8354.22
1235,2018-04-16 0:00,8048.15
1236,2018-04-17 0:00,7890.87
1237,2018-04-18 0:00,8172.84
1238,2018-04-19 0:00,8271.31
1239,2018-04-20 0:00,8861.0
1240,2018-04-21 0:00,8920.71
1241,2018-04-22 0:00,8789.96
1242,2018-04-23 0:00,8946.95
1243,2018-04-24 0:00,9648.0
1244,2018-04-25 0:00,8864.99
1245,2018-04-26 0:00,9274.48
1246,2018-04-27 0:00,8921.43
1247,2018-04-28 0:00,9345.11
1248,2018-04-29 0:00,9393.99
1249,2018-04-30 0:00,9242.17
1250,2018-05-01 0:00,9066.9
1251,2018-05-02 0:00,9222.0
1252,2018-05-03 0:00,9732.43
1253,2018-05-04 0:00,9696.57
1254,2018-05-05 0:00,9823.28
1255,2018-05-06 0:00,9623.54
1256,2018-05-07 0:00,9359.52
1257,2018-05-08 0:00,9167.69
1258,2018-05-09 0:00,9308.49
1259,2018-05-10 0:00,9020.99
1260,2018-05-11 0:00,8411.42
1261,2018-05-12 0:00,8481.6
1262,2018-05-13 0:00,8696.58
1263,2018-05-14 0:00,8674.36
1264,2018-05-15 0:00,8474.99
1265,2018-05-16 0:00,8346.59
1266,2018-05-17 0:00,8067.03
1267,2018-05-18 0:00,8248.87
1268,2018-05-19 0:00,8231.2
1269,2018-05-20 0:00,8518.48
1270,2018-05-21 0:00,8391.76
1271,2018-05-22 0:00,7984.08
1272,2018-05-23 0:00,7502.89
1273,2018-05-24 0:00,7586.88
1274,2018-05-25 0:00,7471.18
1275,2018-05-26 0:00,7335.99
1276,2018-05-27 0:00,7347.39
1277,2018-05-28 0:00,7112.5
1278,2018-05-29 0:00,7469.45
1279,2018-05-30 0:00,7375.73
1280,2018-05-31 0:00,7492.28
1281,2018-06-01 0:00,7511.6
1282,2018-06-02 0:00,7642.0
1283,2018-06-03 0:00,7703.67
1284,2018-06-04 0:00,7488.26
1285,2018-06-05 0:00,7617.98
1286,2018-06-06 0:00,7658.57
1287,2018-06-07 0:00,7689.28
1288,2018-06-08 0:00,7618.11
1289,2018-06-09 0:00,7492.7
1290,2018-06-10 0:00,6781.17
1291,2018-06-11 0:00,6880.61
1292,2018-06-12 0:00,6557.67
1293,2018-06-13 0:00,6307.4
1294,2018-06-14 0:00,6646.1
1295,2018-06-15 0:00,6390.6
1296,2018-06-16 0:00,6487.92
1297,2018-06-17 0:00,6453.41
1298,2018-06-18 0:00,6707.5
1299,2018-06-19 0:00,6736.52
1300,2018-06-20 0:00,6756.58
1301,2018-06-21 0:00,6718.33
1302,2018-06-22 0:00,6050.45
1303,2018-06-23 0:00,6177.38
1304,2018-06-24 0:00,6153.4
1305,2018-06-25 0:00,6253.61
1306,2018-06-26 0:00,6068.0
1307,2018-06-27 0:00,6135.64
1308,2018-06-28 0:00,5848.33
1309,2018-06-29 0:00,6204.24
1310,2018-06-30 0:00,6385.71
1311,2018-07-01 0:00,6349.99
1312,2018-07-02 0:00,6612.98
1313,2018-07-03 0:00,6507.99
1314,2018-07-04 0:00,6584.25
1315,2018-07-05 0:00,6533.69
1316,2018-07-06 0:00,6596.53
1317,2018-07-07 0:00,6759.99
1318,2018-07-08 0:00,6706.6
1319,2018-07-09 0:00,6666.75
1320,2018-07-10 0:00,6299.46
1321,2018-07-11 0:00,6380.0
1322,2018-07-12 0:00,6243.88
1323,2018-07-13 0:00,6215.59
1324,2018-07-14 0:00,6243.98
1325,2018-07-15 0:00,6349.3
1326,2018-07-16 0:00,6721.04
1327,2018-07-17 0:00,7310.71
1328,2018-07-18 0:00,7378.1
1329,2018-07-19 0:00,7471.42
1330,2018-07-20 0:00,7330.84
1331,2018-07-21 0:00,7409.92
1332,2018-07-22 0:00,7396.6
1333,2018-07-23 0:00,7719.62
1334,2018-07-24 0:00,8403.83
1335,2018-07-25 0:00,8174.06
1336,2018-07-26 0:00,7926.0
1337,2018-07-27 0:00,8183.05
1338,2018-07-28 0:00,8237.74
1339,2018-07-29 0:00,8216.74
1340,2018-07-30 0:00,8160.21
1341,2018-07-31 0:00,7725.43
1342,2018-08-01 0:00,7602.01
1343,2018-08-02 0:00,7536.37
1344,2018-08-03 0:00,7416.98
1345,2018-08-04 0:00,7009.99
1346,2018-08-05 0:00,7032.61
1347,2018-08-06 0:00,6936.11
1348,2018-08-07 0:00,6717.68
1349,2018-08-08 0:00,6283.59
1350,2018-08-09 0:00,6543.76
1351,2018-08-10 0:00,6139.99
1352,2018-08-11 0:00,6239.98
1353,2018-08-12 0:00,6310.82
1354,2018-08-13 0:00,6252.63
1355,2018-08-14 0:00,6193.62
1356,2018-08-15 0:00,6272.3
1357,2018-08-16 0:00,6313.51
1358,2018-08-17 0:00,6580.15
1359,2018-08-18 0:00,6399.28
1360,2018-08-19 0:00,6481.99
1361,2018-08-20 0:00,6260.82
1362,2018-08-21 0:00,6479.27
1363,2018-08-22 0:00,6355.76
1364,2018-08-23 0:00,6525.01
1365,2018-08-24 0:00,6692.94
1366,2018-08-25 0:00,6732.4
1367,2018-08-26 0:00,6700.46
1368,2018-08-27 0:00,6904.51
1369,2018-08-28 0:00,7080.94
1370,2018-08-29 0:00,7032.96
1371,2018-08-30 0:00,6984.01
1372,2018-08-31 0:00,7017.35
1373,2018-09-01 0:00,7185.01
1374,2018-09-02 0:00,7290.31
1375,2018-09-03 0:00,7258.99
1376,2018-09-04 0:00,7361.0
1377,2018-09-05 0:00,6679.3
1378,2018-09-06 0:00,6493.09
1379,2018-09-07 0:00,6400.0
1380,2018-09-08 0:00,6178.31
1381,2018-09-09 0:00,6236.04
1382,2018-09-10 0:00,6301.99
1383,2018-09-11 0:00,6279.99
1384,2018-09-12 0:00,6322.45
1385,2018-09-13 0:00,6485.7
1386,2018-09-14 0:00,6476.51
1387,2018-09-15 0:00,6520.15
1388,2018-09-16 0:00,6499.98
1389,2018-09-17 0:00,6254.52
1390,2018-09-18 0:00,6332.34
1391,2018-09-19 0:00,6388.4
1392,2018-09-20 0:00,6492.98
1393,2018-09-21 0:00,6749.45
1394,2018-09-22 0:00,6710.01
1395,2018-09-23 0:00,6702.22
1396,2018-09-24 0:00,6581.52
1397,2018-09-25 0:00,6428.99
1398,2018-09-26 0:00,6461.51
1399,2018-09-27 0:00,6681.62
1400,2018-09-28 0:00,6610.76
1401,2018-09-29 0:00,6579.38
1402,2018-09-30 0:00,6597.81
1403,2018-10-01 0:00,6571.2
1404,2018-10-02 0:00,6500.0
1405,2018-10-03 0:00,6456.77
1406,2018-10-04 0:00,6547.56
1407,2018-10-05 0:00,6582.12
1408,2018-10-06 0:00,6544.08
1409,2018-10-07 0:00,6577.63
1410,2018-10-08 0:00,6604.75
1411,2018-10-09 0:00,6588.8
1412,2018-10-10 0:00,6517.55
1413,2018-10-11 0:00,6152.76
1414,2018-10-12 0:00,6185.15
1415,2018-10-13 0:00,6199.69
1416,2018-10-14 0:00,6183.0
1417,2018-10-15 0:00,6441.74
1418,2018-10-16 0:00,6461.2
1419,2018-10-17 0:00,6437.29
1420,2018-10-18 0:00,6396.18
1421,2018-10-19 0:00,6383.46
1422,2018-10-20 0:00,6412.86
1423,2018-10-21 0:00,6413.38
1424,2018-10-22 0:00,6406.06
1425,2018-10-23 0:00,6393.41
1426,2018-10-24 0:00,6411.96
1427,2018-10-25 0:00,6393.53
1428,2018-10-26 0:00,6406.1
1429,2018-10-27 0:00,6407.66
1430,2018-10-28 0:00,6405.57
1431,2018-10-29 0:00,6266.52
1432,2018-10-30 0:00,6269.46
1433,2018-10-31 0:00,6303.27
1434,2018-11-01 0:00,6340.99
1435,2018-11-02 0:00,6350.43
1436,2018-11-03 0:00,6335.0
1437,2018-11-04 0:00,6421.76
1438,2018-11-05 0:00,6403.2
1439,2018-11-06 0:00,6447.5
1440,2018-11-07 0:00,6501.0
1441,2018-11-08 0:00,6405.49
1442,2018-11-09 0:00,6325.0
1443,2018-11-10 0:00,6349.32
1444,2018-11-11 0:00,6357.54
1445,2018-11-12 0:00,6318.0
1446,2018-11-13 0:00,6260.91
1447,2018-11-14 0:00,5595.91
1448,2018-11-15 0:00,5585.0
1449,2018-11-16 0:00,5508.71
1450,2018-11-17 0:00,5503.36
1451,2018-11-18 0:00,5559.26
1452,2018-11-19 0:00,4735.44
1453,2018-11-20 0:00,4352.0
1454,2018-11-21 0:00,4538.01
1455,2018-11-22 0:00,4275.23
1456,2018-11-23 0:00,4288.26
1457,2018-11-24 0:00,3785.65
1458,2018-11-25 0:00,3938.89
1459,2018-11-26 0:00,3727.34
1460,2018-11-27 0:00,3771.01
1461,2018-11-28 0:00,4220.16
1462,2018-11-29 0:00,4249.8
1463,2018-11-30 0:00,3971.06
1464,2018-12-01 0:00,4140.39
1465,2018-12-02 0:00,4102.05
1466,2018-12-03 0:00,3834.34
1467,2018-12-04 0:00,3903.52
1468,2018-12-05 0:00,3696.69
1469,2018-12-06 0:00,3437.26
1470,2018-12-07 0:00,3380.68
1471,2018-12-08 0:00,3398.8
1472,2018-12-09 0:00,3529.75
1473,2018-12-10 0:00,3408.0
1474,2018-12-11 0:00,3353.42
1475,2018-12-12 0:00,3430.18
1476,2018-12-13 0:00,3262.73
1477,2018-12-14 0:00,3195.75
1478,2018-12-15 0:00,3179.54
1479,2018-12-16 0:00,3193.78
1480,2018-12-17 0:00,3496.73
1481,2018-12-18 0:00,3667.16
1482,2018-12-19 0:00,3684.5
1483,2018-12-20 0:00,4073.77
1484,2018-12-21 0:00,3841.08
1485,2018-12-22 0:00,3980.9
1486,2018-12-23 0:00,3943.83
1487,2018-12-24 0:00,4036.0
1488,2018-12-25 0:00,3779.99
1489,2018-12-26 0:00,3810.01
1490,2018-12-27 0:00,3591.69
1491,2018-12-28 0:00,3884.97
1492,2018-12-29 0:00,3725.48
1493,2018-12-30 0:00,3835.79
1494,2018-12-31 0:00,3693.3
1495,2019-01-01 0:00,3823.44
1496,2019-01-02 0:00,3885.87
1497,2019-01-03 0:00,3787.81
1498,2019-01-04 0:00,3817.71
1499,2019-01-05 0:00,3791.84
1500,2019-01-06 0:00,4040.71
1501,2019-01-07 0:00,4005.45
1502,2019-01-08 0:00,3994.9
1503,2019-01-09 0:00,4002.13
1504,2019-01-10 0:00,3627.51
1505,2019-01-11 0:00,3632.02
1506,2019-01-12 0:00,3617.13
1507,2019-01-13 0:00,3515.95
1508,2019-01-14 0:00,3664.28
1509,2019-01-15 0:00,3576.93
1510,2019-01-16 0:00,3605.91
1511,2019-01-17 0:00,3638.01
1512,2019-01-18 0:00,3609.21
1513,2019-01-19 0:00,3681.0
1514,2019-01-20 0:00,3536.72
1515,2019-01-21 0:00,3531.51
1516,2019-01-22 0:00,3576.81
1517,2019-01-23 0:00,3552.32
1518,2019-01-24 0:00,3570.73
1519,2019-01-25 0:00,3560.0
1520,2019-01-26 0:00,3555.56
1521,2019-01-27 0:00,3533.23
1522,2019-01-28 0:00,3429.5
1523,2019-01-29 0:00,3390.5
1524,2019-01-30 0:00,3437.35
1525,2019-01-31 0:00,3413.11
1526,2019-02-01 0:00,3434.83
1527,2019-02-02 0:00,3462.82
1528,2019-02-03 0:00,3414.82
1529,2019-02-04 0:00,3410.87
1530,2019-02-05 0:00,3431.39
1531,2019-02-06 0:00,3364.62
1532,2019-02-07 0:00,3359.33
1533,2019-02-08 0:00,3622.94
1534,2019-02-09 0:00,3622.62
1535,2019-02-10 0:00,3650.37
1536,2019-02-11 0:00,3588.7
1537,2019-02-12 0:00,3585.94
1538,2019-02-13 0:00,3574.93
1539,2019-02-14 0:00,3560.46
1540,2019-02-15 0:00,3566.29
1541,2019-02-16 0:00,3579.92
1542,2019-02-17 0:00,3625.6
1543,2019-02-18 0:00,3869.8
1544,2019-02-19 0:00,3888.46
1545,2019-02-20 0:00,3936.53
1546,2019-02-21 0:00,3900.4
1547,2019-02-22 0:00,3939.82
1548,2019-02-23 0:00,4113.53
1549,2019-02-24 0:00,3730.68
1550,2019-02-25 0:00,3820.71
1551,2019-02-26 0:00,3795.06
1552,2019-02-27 0:00,3798.47
1553,2019-02-28 0:00,3791.36
1554,2019-03-01 0:00,3807.05
1555,2019-03-02 0:00,3810.46
1556,2019-03-03 0:00,3789.52
1557,2019-03-04 0:00,3698.66
1558,2019-03-05 0:00,3844.07
1559,2019-03-06 0:00,3851.55
1560,2019-03-07 0:00,3856.64
1561,2019-03-08 0:00,3844.64
1562,2019-03-09 0:00,3916.43
1563,2019-03-10 0:00,3897.92
1564,2019-03-11 0:00,3849.25
1565,2019-03-12 0:00,3859.74
1566,2019-03-13 0:00,3848.48
1567,2019-03-14 0:00,3854.77
1568,2019-03-15 0:00,3901.21
1569,2019-03-16 0:00,3990.0
1570,2019-03-17 0:00,3965.5
1571,2019-03-18 0:00,3969.59
1572,2019-03-19 0:00,3998.13
1573,2019-03-20 0:00,4031.59
1574,2019-03-21 0:00,3974.21
1575,2019-03-22 0:00,3982.07
1576,2019-03-23 0:00,3982.52
1577,2019-03-24 0:00,3969.99
1578,2019-03-25 0:00,3910.51
1579,2019-03-26 0:00,3922.58
1580,2019-03-27 0:00,4025.5
1581,2019-03-28 0:00,4012.23
1582,2019-03-29 0:00,4090.0
1583,2019-03-30 0:00,4094.92
1584,2019-03-31 0:00,4096.08
1585,2019-04-01 0:00,4136.32
1586,2019-04-02 0:00,4899.63
1587,2019-04-03 0:00,4978.23
1588,2019-04-04 0:00,4907.94
1589,2019-04-05 0:00,5039.73
1590,2019-04-06 0:00,5041.39
1591,2019-04-07 0:00,5190.85
1592,2019-04-08 0:00,5287.88
1593,2019-04-09 0:00,5192.6
1594,2019-04-10 0:00,5323.47
1595,2019-04-11 0:00,5040.2
1596,2019-04-12 0:00,5076.35
1597,2019-04-13 0:00,5063.63
1598,2019-04-14 0:00,5162.72
1599,2019-04-15 0:00,5027.31
1600,2019-04-16 0:00,5202.43
1601,2019-04-17 0:00,5233.72
1602,2019-04-18 0:00,5281.58
1603,2019-04-19 0:00,5289.91
1604,2019-04-20 0:00,5318.89
1605,2019-04-21 0:00,5295.65
1606,2019-04-22 0:00,5386.8
1607,2019-04-23 0:00,5531.32
1608,2019-04-24 0:00,5440.95
1609,2019-04-25 0:00,5132.55
1610,2019-04-26 0:00,5155.19
1611,2019-04-27 0:00,5168.91
1612,2019-04-28 0:00,5160.98
1613,2019-04-29 0:00,5149.11
1614,2019-04-30 0:00,5269.0
1615,2019-05-01 0:00,5318.42
1616,2019-05-02 0:00,5385.0
1617,2019-05-03 0:00,5658.22
1618,2019-05-04 0:00,5764.65
1619,2019-05-05 0:00,5709.32
1620,2019-05-06 0:00,5685.46
1621,2019-05-07 0:00,5751.54
1622,2019-05-08 0:00,5940.89
1623,2019-05-09 0:00,6156.7
1624,2019-05-10 0:00,6342.84
1625,2019-05-11 0:00,7217.47
1626,2019-05-12 0:00,6974.35
1627,2019-05-13 0:00,7810.05
1628,2019-05-14 0:00,7986.0
1629,2019-05-15 0:00,8208.69
1630,2019-05-16 0:00,7880.0
1631,2019-05-17 0:00,7351.71
1632,2019-05-18 0:00,7260.12
1633,2019-05-19 0:00,8200.0
1634,2019-05-20 0:00,8005.64
1635,2019-05-21 0:00,7955.16
1636,2019-05-22 0:00,7624.95
1637,2019-05-23 0:00,7880.22
1638,2019-05-24 0:00,7999.02
1639,2019-05-25 0:00,8064.64
1640,2019-05-26 0:00,8733.26
1641,2019-05-27 0:00,8770.73
1642,2019-05-28 0:00,8717.96
1643,2019-05-29 0:00,8663.41
1644,2019-05-30 0:00,8277.76
1645,2019-05-31 0:00,8547.2
1646,2019-06-01 0:00,8556.27
1647,2019-06-02 0:00,8734.49
1648,2019-06-03 0:00,8103.64
1649,2019-06-04 0:00,7665.53
1650,2019-06-05 0:00,7785.94
